Gender,Height in ft,Weight in kg,Index
Male,5.721845535,80.77847634,2
Male,6.065285696,91.09633052,2
Male,5.719413208,84.15873017,2
Male,5.743300477,88.12332769,3
Male,5.911664652,90.55903416,2
Male,6.10619412,100.4395648,3
Male,5.532692385,85.36255495,3
Male,5.616112352,78.52938856,2
Male,6.164356699,91.26520738,1
Male,5.829778663,86.86101301,2
Male,5.452173354,75.22749013,2
Male,5.759837288,92.35001742,3
Male,6.192413583,96.23284466,2
Male,5.619576342,71.86682939,1
Male,5.837389128,92.88652888,3
Male,5.487354045,71.75542547,1
Male,5.795509241,82.40497265,2
Male,5.406183629,78.38934424,3
Male,5.504796146,76.19545432,2
Male,5.544489538,72.41912293,1
Male,5.528589564,77.87742327,2
Male,5.966852758,94.8094003,3
Male,5.511181457,73.79173227,2
Male,6.006436618,96.7009569,3
Male,5.615231609,83.78600924,3
Male,5.766791291,79.93253695,1
Male,5.562643808,75.46255799,2
Male,6.10675355,91.35679573,2
Male,5.715443097,86.64814975,3
Male,5.981560936,88.46162559,2
Male,5.943203031,96.15414194,3
Male,5.590337125,76.15515458,2
Male,5.95226218,97.59277581,3
Male,5.480830741,77.37048602,2
Male,5.617670682,88.66501433,3
Male,5.485774894,73.98369061,2
Male,6.107946078,101.5459254,3
Male,5.432176956,74.85553637,2
Male,5.445715977,70.88514184,1
Male,6.02970411,90.70608776,2
Male,5.582344238,79.9224924,2
Male,5.552210124,81.21748102,3
Male,5.756788247,80.22589117,2
Male,6.009130191,93.71385264,2
Male,6.232774219,97.62926953,2
Male,5.982865598,90.40834411,2
Male,5.509437009,78.20078717,2
Male,5.753293726,87.13177291,3
Male,5.40044208,66.84297081,1
Male,5.925898705,83.52673527,1
Male,5.61104736,78.49843216,2
Male,5.756369818,78.63634899,1
Male,5.924197166,82.11421342,1
Male,5.327650507,73.59412316,2
Male,5.826852235,83.36089485,2
Male,5.811770156,93.72882411,3
Male,5.427241327,75.88620973,2
Male,5.96735426,95.4023605,3
Male,6.075568324,96.52413591,3
Male,5.557255981,76.75124203,2
Male,5.802045998,77.74431108,1
Male,5.340403012,74.59913137,3
Male,6.036360512,96.135714,3
Male,5.936497539,94.57143671,3
Male,5.754589421,79.89671408,1
Male,6.296129554,99.28571967,2
Male,5.574749471,80.54605624,2
Male,6.108195103,88.42729228,1
Male,5.488669715,79.63394086,3
Male,5.731655078,79.18794409,1
Male,5.778550821,84.46184603,2
Male,5.663705965,78.88497065,2
Male,5.767353607,85.45004667,2
Male,5.709095947,90.6716616,3
Male,5.920989643,85.9989371,2
Male,5.920652171,93.75293044,3
Male,5.792019972,85.57717198,2
Male,6.248079587,112.8760842,4
Male,5.708599475,83.33920862,2
Male,5.885562915,89.09289728,2
Male,5.61619028,76.43981421,2
Male,5.420204098,80.87634164,3
Male,5.90115769,89.06207383,2
Male,5.895900623,89.03876564,2
Male,6.041631843,90.23777209,2
Male,5.868432159,93.19768541,3
Male,6.29828723,108.5601329,3
Male,5.427003669,77.13627827,3
Male,5.780931707,86.82027338,2
Male,5.672894839,84.97388974,3
Male,5.994570456,97.64961531,3
Male,6.010095989,92.74044974,2
Male,6.159409229,103.0822031,3
Male,5.473134219,82.27377825,3
Male,6.114973384,90.72369048,2
Male,6.145794906,89.63262363,1
Male,5.383233247,78.92158027,3
Male,5.525697892,82.54838281,3
Male,5.497845586,80.58727382,3
Male,5.716904867,81.27831735,2
Male,5.594730112,82.99037603,3
Male,5.719161073,83.59251436,2
Male,5.957012641,104.1630129,4
Male,5.962318413,90.62667548,2
Male,5.718130882,83.07019972,2
Male,6.052549694,92.87857567,2
Male,5.811983953,84.68840871,2
Male,5.553187954,76.22140646,2
Male,5.668106921,81.71856383,2
Male,5.883640205,85.46770523,2
Male,5.613899785,75.88246269,1
Male,5.982495326,87.74189144,2
Male,5.534497405,82.8760283,3
Male,5.680950084,86.28955933,3
Male,5.662751536,82.37054758,2
Male,5.444506419,83.35658998,3
Male,5.821470828,84.56263733,2
Male,5.48408279,77.43050707,2
Male,5.908050232,97.55072021,3
Male,5.958370836,88.66652902,2
Male,6.180109729,101.42925,3
Male,5.998629524,97.7283892,3
Male,5.498248213,76.40789161,2
Male,5.75035848,89.06856338,3
Male,5.705430469,83.31271108,2
Male,5.419875425,74.53898323,2
Male,6.140080066,101.4275188,3
Male,5.79608455,79.9604506,1
Male,5.743420723,82.00843098,2
Male,5.644189757,76.45085158,1
Male,5.579206895,79.30863215,2
Male,5.795259881,85.31668342,2
Male,5.870649493,90.43892049,3
Male,5.475103868,78.56755754,3
Male,5.401059115,74.12983721,2
Male,6.256339906,103.9787679,3
Male,5.628577545,75.44828433,1
Male,5.832508386,93.73994112,3
Male,6.119310958,97.98295235,3
Male,5.85015766,87.32936143,2
Male,6.012674679,82.21083366,1
Male,5.984910704,94.21540021,3
Male,5.68892545,86.39559933,3
Male,5.749466894,85.62728357,2
Male,5.744452361,90.55208385,3
Male,5.812211083,88.68946512,3
Male,5.518854601,75.32030051,2
Male,5.37497602,74.71724401,2
Male,5.925516549,92.5252664,3
Male,5.861178166,84.93429593,2
Male,5.670184016,76.85263324,1
Male,5.592739856,79.73090605,2
Male,5.986807289,94.32819828,3
Male,5.978639763,89.78274356,2
Male,5.620791936,87.35544484,3
Male,5.476309224,73.93928972,2
Male,5.781277213,92.9745475,3
Male,5.553604086,76.11901439,2
Male,5.648326195,78.647552,2
Male,6.113821081,93.45549736,2
Male,5.763099477,84.1026732,2
Male,6.145178913,90.49771439,1
Male,5.808472559,89.51678262,3
Male,5.48707355,74.51484514,2
Male,6.288027565,93.66854946,1
Male,5.473554764,81.86918376,3
Male,5.869465854,90.2960136,3
Male,6.016983006,88.71208199,2
Male,5.919625909,87.43279903,2
Male,6.038730186,102.345848,3
Male,5.020310002,69.77684553,3
Male,5.957006406,87.54785764,2
Male,5.718883259,74.11139103,1
Male,5.886900432,85.05164899,2
Male,5.842485985,99.72585321,4
Male,5.59445387,79.44787437,2
Male,5.56677026,79.39860634,2
Male,5.504531611,73.71659179,2
Male,5.45351064,76.82943528,2
Male,5.721148355,88.42333749,3
Male,5.794495601,79.7502404,1
Male,6.161156915,99.13277268,3
Male,5.670127488,83.9978497,3
Male,5.818942695,90.82382479,3
Male,5.714177303,87.23919868,3
Male,5.748796346,84.52336552,2
Male,5.709740136,84.53266849,2
Male,5.842416056,83.52252824,2
Male,5.485453941,71.12528009,1
Male,5.52352532,74.31504713,2
Male,5.643457861,80.58701999,2
Male,5.722753706,82.62809994,2
Male,6.072222937,97.72807686,3
Male,5.749967481,77.75011802,1
Male,6.195707294,95.42190065,2
Male,5.90662246,84.49092497,2
Male,5.84898763,88.17857427,2
Male,5.779319538,79.08827766,1
Male,5.890087167,88.89781373,2
Male,5.314093085,75.16113022,3
Male,5.93780143,87.91971605,2
Male,5.782088729,88.27619177,3
Male,5.955361248,92.36646297,3
Male,5.982134826,87.33968693,2
Male,5.417117355,69.30959109,1
Male,5.497970745,80.87339138,3
Male,5.690062482,80.76782607,2
Male,5.640093218,81.25288431,2
Male,5.383383551,75.05300342,2
Male,5.996196459,92.99240903,2
Male,5.97114214,92.33345302,2
Male,5.703747466,77.13187765,1
Male,5.3210845,73.94503919,3
Male,5.662098771,80.2568947,2
Male,5.732461799,80.25699998,2
Male,5.966270107,94.25485757,3
Male,5.791579059,89.56476876,3
Male,5.514290149,68.04958347,1
Male,5.603355036,81.83270958,3
Male,5.999052442,92.36053932,2
Male,5.571500607,80.46891637,2
Male,5.631331101,79.7833457,2
Male,5.749331647,88.1558313,3
Male,6.219091709,102.9166721,3
Male,5.90101371,93.57320971,3
Male,5.904462658,88.56477148,2
Male,5.71255972,89.36281522,3
Male,5.419865455,69.90083402,1
Male,5.832433958,84.29841152,2
Male,5.999478947,93.59314775,2
Male,5.866545487,81.38585416,1
Male,5.701149444,88.17176216,3
Male,5.590509501,80.53229473,2
Male,5.903965262,88.89029633,2
Male,5.658963424,81.33385023,2
Male,5.529409199,78.1546906,2
Male,5.206354893,63.57588092,1
Male,5.588335247,85.15103664,3
Male,5.563002613,75.2917882,2
Male,5.84882943,85.27609937,2
Male,5.767600776,83.05133048,2
Male,5.931381124,92.74882891,3
Male,5.969617444,95.98382551,3
Male,5.906067811,81.36029325,1
Male,6.015797029,97.38026712,3
Male,5.366540441,66.53475229,1
Male,5.641192242,80.81172873,2
Male,5.872962153,89.76365877,3
Male,5.961902932,92.8580882,3
Male,5.842321166,90.46975501,3
Male,5.338302088,73.03533244,2
Male,5.788559805,81.50970167,2
Male,5.732755198,89.40993455,3
Male,5.52995902,75.35215175,2
Male,5.604150205,82.93617344,3
Male,5.997511875,93.81372087,3
Male,6.059602239,94.00557974,2
Male,5.432214292,78.22377172,3
Male,5.963917063,95.77776057,3
Male,5.486720034,73.70198315,2
Male,5.661860803,77.07790767,1
Male,6.046531233,90.17843751,2
Male,5.7580171,82.00060546,2
Male,5.494507704,71.53463803,1
Male,5.317265041,75.91464488,3
Male,5.60996019,80.35925094,2
Male,5.989961733,89.1938593,2
Male,5.725355103,83.5868126,2
Male,5.66122198,82.86599151,2
Male,5.772485959,79.40000626,1
Male,5.405689492,74.02554912,2
Male,5.598337286,80.6586428,2
Male,6.096553684,104.7776509,3
Male,5.47961048,75.73429661,2
Male,5.280813876,64.36564006,1
Male,6.405571452,109.1057854,3
Male,5.689254341,78.44492393,2
Male,5.45673835,68.17152489,1
Male,5.950679541,94.37425661,3
Male,5.639887184,84.59705047,3
Male,5.722616104,77.30668932,1
Male,5.603408854,79.05911205,2
Male,5.401250883,72.54783913,2
Male,5.668650152,81.70502508,2
Male,6.062243259,92.81160368,2
Male,5.628192578,82.49269457,3
Male,5.979999436,95.92621563,3
Male,5.523937201,82.06172787,3
Male,6.26539977,100.9131782,2
Male,5.290723807,71.09271952,2
Male,5.602501308,74.15167539,1
Male,5.649657965,76.67498952,1
Male,5.531821738,78.37261029,2
Male,5.599651473,88.10381744,3
Male,5.956727591,91.93037317,2
Male,5.68158902,74.89419283,1
Male,6.107882172,102.17642,3
Male,6.425072881,109.0688426,3
Male,5.217086406,69.27568003,2
Male,5.798014469,92.21050657,3
Male,6.285307414,100.1338618,2
Male,5.257524316,63.73753504,1
Male,6.390913765,105.7591296,2
Male,5.577305926,76.89992883,2
Male,5.343035882,66.33224678,1
Male,5.798194354,86.80736463,2
Male,5.932525128,83.39101845,1
Male,5.626614526,91.1254643,3
Male,6.099417563,93.78056259,2
Male,5.968800266,81.53511435,1
Male,5.647383254,86.32790177,3
Male,6.022932068,103.0877646,3
Male,5.451510108,72.90900264,2
Male,5.795316885,94.29055293,3
Male,5.732600548,76.05411767,1
Male,6.265105272,99.11607302,2
Male,6.025734674,95.00755337,3
Male,5.77724453,96.29292005,4
Male,5.410877679,67.9653094,1
Male,5.790524135,90.50726715,3
Male,5.565873466,84.79029062,3
Male,5.913482498,82.12344272,1
Male,6.082774957,86.5927681,1
Male,5.977695418,90.09987041,2
Male,5.081002855,68.43130081,3
Male,5.627074276,80.29542769,2
Male,5.692889819,84.65503592,3
Male,5.77831523,87.56219371,3
Male,5.660532291,76.51476735,1
Male,5.787854391,93.23628022,3
Male,5.668368491,78.26605084,2
Male,6.404063644,115.3074331,3
Male,5.875114205,81.70810589,1
Male,5.831862194,80.04323924,1
Male,5.491268101,68.57585389,1
Male,5.801537848,85.99439237,2
Male,5.704257193,75.67417455,1
Male,5.686733644,74.22254906,1
Male,5.891146953,88.10162881,2
Male,5.645760987,77.96169077,2
Male,6.000210223,85.90428264,1
Male,6.059457757,94.10224061,2
Male,5.512311716,83.43164359,3
Male,5.698069074,85.94040819,3
Male,5.965601513,83.66880723,1
Male,5.86301404,83.92580472,2
Male,5.490746126,72.12392889,1
Male,5.210482145,65.65761192,2
Male,5.71302364,85.74561498,3
Male,5.766415405,88.11393701,3
Male,5.320504197,73.34492724,2
Male,6.095278153,93.31397878,2
Male,5.993759063,90.11741488,2
Male,5.80033574,84.20476576,2
Male,5.713841168,82.05023206,2
Male,6.170065189,98.48531094,2
Male,5.630242917,77.68523818,2
Male,6.085693154,102.314266,3
Male,5.313013778,72.00660776,2
Male,5.982481856,94.11766704,3
Male,5.643801758,91.22497342,3
Male,5.960750314,100.2171124,3
Male,5.55731203,83.6916284,3
Male,6.253707383,100.7133042,2
Male,5.899141716,84.62938103,2
Male,5.62477271,81.98349797,2
Male,6.006231485,88.47177024,2
Male,5.758820705,86.27971587,3
Male,5.762377948,86.33941949,2
Male,5.778081654,81.75536668,2
Male,5.573190686,78.14739388,2
Male,5.930367339,90.28445709,2
Male,5.852998884,89.11350414,2
Male,5.820452024,81.04527964,1
Male,5.394778399,73.32340471,2
Male,6.076997702,92.63283881,2
Male,5.93204666,91.09828492,2
Male,5.260160734,69.82823856,2
Male,5.536140481,78.92290136,2
Male,5.800536629,83.75328029,2
Male,5.854253274,86.47934347,2
Male,5.8083005,82.8717936,2
Male,5.655228368,77.4714246,2
Male,5.613352122,79.19103891,2
Male,5.915306063,82.61579551,1
Male,6.072605412,100.5872486,3
Male,5.195693332,68.36642492,2
Male,5.26819686,64.48226121,1
Male,5.847858071,91.49560124,3
Male,5.746293942,92.72686917,3
Male,5.846366832,85.95994566,2
Male,5.556156093,78.99740708,2
Male,5.828673502,88.98499574,3
Male,5.341500772,74.60797398,3
Male,5.524953578,72.22831499,1
Male,5.879778364,92.66005148,3
Male,6.108352919,93.48693049,2
Male,5.584820855,71.00761687,1
Male,5.951628669,90.56775444,2
Male,5.771835946,73.61279323,1
Male,6.383348783,108.7249535,3
Male,5.725951672,88.62836326,3
Male,5.090895788,66.79902364,2
Male,5.987528927,91.92954028,2
Male,5.437714037,77.3479083,3
Male,5.602226728,71.7245866,1
Male,6.237763835,104.0551397,3
Male,5.405909456,70.27773131,1
Male,5.653447057,81.48698842,2
Male,5.723481949,85.39949039,3
Male,5.737499234,87.88911431,3
Male,5.836480283,86.50713869,2
Male,5.628635327,89.12797453,3
Male,5.702449927,78.43315696,1
Male,5.640001389,77.84431086,2
Male,5.764079856,87.00845162,3
Male,5.984190255,92.2023145,2
Male,6.155491069,101.3620247,3
Male,5.81357558,84.47566964,2
Male,5.550789231,87.01810498,3
Male,5.514068215,70.12275667,1
Male,5.595304727,82.83021074,3
Male,6.373526763,104.6866106,2
Male,5.795808482,83.68554572,2
Male,5.833436101,90.94568592,3
Male,6.153852269,100.9791545,3
Male,5.749037298,78.51622062,1
Male,5.886932902,90.03418625,2
Male,5.428909148,69.534177,1
Male,5.436064408,76.53922204,2
Male,5.841930552,84.67466779,2
Male,5.64953854,81.60760861,2
Male,5.731292157,90.53783155,3
Male,5.66909311,75.99584146,1
Male,5.732435778,84.84763447,2
Male,5.691626375,83.84215044,2
Male,5.578121168,76.86149717,2
Male,5.445308972,75.73121921,2
Male,5.517702987,80.1715986,3
Male,5.745821663,88.92039889,3
Male,5.810308256,85.38864081,2
Male,5.169003777,67.69025242,2
Male,5.605195336,75.78385241,1
Male,5.440492942,73.09569658,2
Male,5.785445187,85.62901988,2
Male,5.505928477,73.5736047,2
Male,5.754236832,89.98003933,3
Male,5.677057809,84.77999002,3
Male,6.059801253,95.42023637,2
Male,5.941685318,86.08945528,2
Male,5.898470398,95.03311813,3
Male,5.815294519,81.70899711,2
Male,5.877004288,87.5863811,2
Male,5.636414063,73.27526131,1
Male,5.76069657,83.5256329,2
Male,5.778957852,81.77631891,2
Male,5.674730145,85.84987381,3
Male,6.147388607,98.41525456,3
Male,6.008242229,94.13863137,3
Male,6.03217504,96.25809382,3
Male,5.794890549,85.97090188,2
Male,5.946838941,85.80017931,2
Male,5.618791833,85.25396794,3
Male,5.308447217,77.00182843,3
Male,5.972444843,94.49950871,3
Male,6.205058073,98.71627147,2
Male,5.708949939,76.14069463,1
Male,5.676484262,77.88497909,2
Male,5.252847654,59.78386429,1
Male,5.728094395,86.25023981,3
Male,6.003105842,95.22489481,3
Male,5.784222025,81.9725203,2
Male,5.912481031,88.11353036,2
Male,5.917884714,87.48605615,2
Male,6.092109119,93.81119041,2
Male,5.766156135,82.74787328,2
Male,5.824439239,88.93851861,3
Male,5.92290172,89.82123513,2
Male,5.463841955,73.65180045,2
Male,5.602445368,73.34757745,1
Male,6.020645791,98.60134549,3
Male,5.786858525,79.32692641,1
Male,6.175082718,98.51476019,2
Male,5.799373451,82.38010936,2
Male,5.720251628,82.26892757,2
Male,6.157943133,94.36442657,2
Male,6.002660519,90.24393283,2
Male,5.707101308,83.75916938,2
Male,5.562935105,64.26276492,0
Male,5.774157316,81.44798822,2
Male,6.010160734,90.31981131,2
Male,5.943082503,90.33651808,2
Male,5.604403599,79.00454532,2
Male,5.470070583,70.08154621,1
Male,5.48748339,75.08899039,2
Male,5.466217911,73.6143178,2
Male,5.736411297,83.32403172,2
Male,5.37093447,66.69841397,1
Male,5.615147916,81.33794441,2
Male,5.947197314,90.66486977,2
Male,5.775044388,92.0061964,3
Male,5.850362516,80.13131043,1
Male,5.559199427,79.37427393,2
Male,6.036006946,95.5824348,3
Male,5.828016081,85.1524333,2
Male,5.708530834,87.35218872,3
Male,5.304292524,72.39536383,2
Male,6.02176558,98.36954541,3
Male,5.492042396,84.37531416,3
Male,6.174266034,97.97360021,2
Male,5.804709453,82.98132671,2
Male,5.988466842,88.34381435,2
Male,5.751002557,82.86538465,2
Male,5.71344778,79.39778542,2
Male,5.852534448,94.08099069,3
Male,5.483065025,79.79256643,3
Male,5.524702074,79.94702017,3
Male,5.649881875,83.78626929,3
Male,5.684304929,88.93097123,3
Male,6.066101838,95.16656907,2
Male,5.726768352,86.23719485,3
Male,5.586908765,82.88115521,3
Male,5.89752995,89.50867392,2
Male,5.626888559,78.41157506,2
Male,6.080185782,94.12118891,2
Male,5.546165709,77.77643349,2
Male,5.366319203,65.95178865,1
Male,5.833122172,90.18221199,3
Male,5.768136327,89.51928001,3
Male,5.954478306,88.69472562,2
Male,5.994874854,98.6835754,3
Male,5.749638394,87.32260644,3
Male,5.419508687,74.38723834,2
Male,5.835874251,88.91252765,3
Male,5.692083576,82.17904165,2
Male,6.092764927,95.8985109,2
Male,5.893691194,89.52166206,2
Male,5.737456822,86.08800664,3
Male,5.494743765,81.87374024,3
Male,5.960611977,93.68687275,3
Male,6.054428912,101.5755322,3
Male,5.627164576,79.59195743,2
Male,5.851804128,92.53082926,3
Male,6.101922774,98.04375253,3
Male,5.807038322,91.45599908,3
Male,5.812076453,89.65502808,3
Male,5.792622605,90.24500649,3
Male,5.81772724,89.18232793,3
Male,5.211428434,72.4142919,3
Male,5.964209209,90.96650221,2
Male,5.87166228,90.34823838,3
Male,5.682179944,83.50429435,2
Male,5.846334575,84.03163479,2
Male,5.806051743,92.09669617,3
Male,5.698704274,80.87901557,2
Male,5.164724011,62.44456047,1
Male,5.592255648,84.76707678,3
Male,5.425244746,72.16878809,2
Male,5.715996352,88.98767375,3
Male,5.531218374,75.71527651,2
Male,5.675509271,85.01242432,3
Male,5.599087343,76.51892598,2
Male,5.392413011,83.65460302,3
Male,5.727793038,84.81835291,2
Male,5.675705046,80.94872069,2
Male,6.307532195,101.4177265,2
Male,5.471876159,77.5339351,2
Male,5.8935423,89.866364,2
Male,5.629443623,80.85193126,2
Male,6.462265735,109.7881597,3
Male,5.6679414,84.41112741,3
Male,5.896899827,89.25132726,2
Male,5.656533658,69.35297911,1
Male,5.672516027,76.80039485,1
Male,5.705380606,82.61327712,2
Male,5.678212755,84.8574655,3
Male,5.902540245,92.84940806,3
Male,6.097220038,105.5788146,3
Male,5.395514699,80.26255454,3
Male,5.398206856,71.74594719,2
Male,5.778968307,84.21724651,2
Male,5.703703548,83.37872636,2
Male,5.773686865,93.5909794,3
Male,6.02778986,95.69197435,3
Male,5.562272969,70.80461336,1
Male,5.626907753,81.21431929,2
Male,5.757405567,89.23928355,3
Male,5.62127067,87.46885781,3
Male,5.864582239,81.36287147,1
Male,5.860757989,95.06640246,3
Male,5.717396691,91.5268767,3
Male,5.917242067,87.45024644,2
Male,5.912019336,86.52331468,2
Male,5.646732467,81.11163838,2
Male,5.983731268,99.97102775,3
Male,6.078311567,90.30815805,2
Male,5.947407754,93.08494062,3
Male,6.071133536,90.63453461,2
Male,5.479777851,76.05275848,2
Male,5.730363528,84.33869701,2
Male,5.722263346,93.67408288,3
Male,5.628002521,80.31158,2
Male,5.997836613,96.15618578,3
Male,5.489104602,79.91458369,3
Male,5.575736364,88.6344111,3
Male,5.877598076,80.28280515,1
Male,5.615484278,77.58982623,2
Male,5.876102742,93.31557543,3
Male,6.03587145,94.41152539,2
Male,5.87853292,89.37678988,2
Male,5.849715211,88.31417364,2
Male,5.932746977,93.52912525,3
Male,5.298098245,71.13262825,2
Male,5.653299368,76.86553959,1
Male,5.584048462,76.62399615,2
Male,5.45810538,79.57255572,3
Male,5.460983477,80.56636713,3
Male,5.733156771,84.75739075,2
Male,5.907597976,82.6825965,1
Male,5.527308431,71.03539222,1
Male,5.353326195,77.04310453,3
Male,5.498254183,78.87380193,3
Male,5.503037244,78.08184676,2
Male,5.904365067,100.2681768,3
Male,5.748150403,86.25009403,3
Male,5.743780067,86.66603905,3
Male,5.322085024,73.3642352,2
Male,5.70638497,80.17833985,2
Male,6.011379021,97.31226642,3
Male,6.079574814,97.3010136,3
Male,5.657517585,76.57778982,1
Male,5.643526874,79.66673504,2
Male,5.707173772,92.08355345,3
Male,5.824144988,92.25662509,3
Male,5.63807458,87.14496104,3
Male,5.953322678,82.63299993,1
Male,6.106747431,102.1524958,3
Male,4.989006654,53.4349873,1
Male,5.903078356,97.95202747,3
Male,5.416734034,67.71583493,1
Male,5.752652311,85.39276547,2
Male,5.830043677,90.63548811,3
Male,5.597171546,73.84540823,1
Male,6.063492393,102.8459123,3
Male,5.711231069,84.68720437,2
Male,5.514288365,68.03851716,1
Male,5.763621274,85.79567517,2
Male,5.779116277,83.6044707,2
Male,5.817131936,94.54473932,3
Male,5.619075865,78.06881753,2
Male,6.135944893,96.38175867,2
Male,5.710477988,88.04722351,3
Male,5.556307071,76.77238717,2
Male,5.781920802,90.97561444,3
Male,5.755115359,78.03396481,1
Male,5.937552188,95.01960642,3
Male,5.883534258,98.20792146,3
Male,5.490011475,71.41846663,1
Male,5.544312379,76.31584436,2
Male,5.757149669,88.2887655,3
Male,6.069916352,100.28051,3
Male,5.762758709,91.6230598,3
Male,5.660276067,78.62971678,2
Male,5.658460593,83.48815619,3
Male,5.373827594,72.88223485,2
Male,5.58344603,83.38251427,3
Male,5.707376,83.46417501,2
Male,5.598241145,81.39472798,2
Male,5.992920619,82.85853249,1
Male,5.81862551,86.09583624,2
Male,5.814054589,90.57018566,3
Male,5.546446563,69.5687357,1
Male,5.698333207,86.4098754,3
Male,5.974764953,96.39260344,3
Male,5.658273834,84.54123119,3
Male,5.566167491,74.96060237,2
Male,5.658965433,78.8789385,2
Male,5.886964954,81.95012011,1
Male,5.152904262,65.05495813,2
Male,5.72793806,82.53343755,2
Male,5.633701722,81.36958351,2
Male,5.827475666,90.59231237,3
Male,5.617518011,81.1175447,2
Male,5.622064942,82.04400781,2
Male,5.735777998,88.52411849,3
Male,5.699035768,81.98136672,2
Male,5.944141782,95.55592265,3
Male,5.85272735,83.4724944,2
Male,5.608164619,79.53237284,2
Male,5.882981664,89.5004872,2
Male,5.820139111,85.50781219,2
Male,5.425926515,83.39861895,3
Male,6.142169127,105.0965188,3
Male,5.775677416,88.53066578,3
Male,5.658827873,78.96450504,2
Male,6.029958526,96.75040928,3
Male,5.744195971,85.1853548,2
Male,5.906389092,94.9098954,3
Male,5.386386108,73.66667575,2
Male,5.755344398,79.99347334,1
Male,5.640457675,80.99215411,2
Male,6.394370743,109.6273287,3
Male,5.656833593,82.12127505,2
Male,5.262511078,70.21707732,2
Male,5.692771676,79.48156535,2
Male,5.960702215,87.12292676,2
Male,5.709324294,79.57521287,2
Male,5.551290919,75.0016333,2
Male,5.672239063,84.83926695,3
Male,5.857281539,92.32044933,3
Male,5.660184609,80.29562228,2
Male,5.954327694,90.37132871,2
Male,5.674078774,78.84749521,2
Male,5.762148083,83.68237315,2
Male,5.819414389,89.06196229,3
Male,5.981252122,86.01904442,1
Male,5.6589998,90.48246773,3
Male,5.528457098,75.34516928,2
Male,5.766952562,84.54688894,2
Male,5.648084242,81.54878578,2
Male,5.940311513,95.99275054,3
Male,6.277570744,109.0622492,3
Male,5.680950532,79.32130571,2
Male,5.562701816,79.87783232,2
Male,5.711741401,86.24217956,3
Male,5.560041248,76.96749862,2
Male,6.03733217,96.72374768,3
Male,5.436803264,69.04758938,1
Male,5.594124972,70.5430926,1
Male,5.426347844,69.45780547,1
Male,5.312569176,70.15540488,2
Male,5.454372171,79.33808466,3
Male,5.582511889,72.65604571,1
Male,5.609108904,88.4561192,3
Male,5.416824876,71.46765615,2
Male,5.64159199,83.91776206,3
Male,5.6055615,81.02742627,2
Male,5.684281339,79.3328179,2
Male,5.60187247,80.07649037,2
Male,5.835834314,94.47103746,3
Male,5.690347109,84.15853852,2
Male,5.699290452,82.41571581,2
Male,5.994111866,97.54500095,3
Male,5.760974507,76.12457698,1
Male,5.82161114,91.9913523,3
Male,5.711820324,81.80694428,2
Male,5.738084438,80.12375008,2
Male,6.133044582,104.1243555,3
Male,5.694383919,88.84833454,3
Male,5.688561801,83.04331513,2
Male,5.952775569,89.07689488,2
Male,5.939937091,87.39624425,2
Male,5.597689971,76.28662309,2
Male,5.701846034,80.81728829,2
Male,5.789120754,91.92052304,3
Male,5.780893512,79.80384302,1
Male,5.423190956,74.24067667,2
Male,5.859985821,86.20437069,2
Male,5.843336023,87.34110922,2
Male,5.721732277,82.71676901,2
Male,5.702638544,75.34836326,1
Male,5.932448863,91.98081107,3
Male,5.665991469,81.37028776,2
Male,5.445372128,79.04250302,3
Male,5.743323615,86.14571722,3
Male,5.799879458,84.77586568,2
Male,5.970695597,95.81711733,3
Male,5.527421615,79.68882978,3
Male,5.63627712,89.18761006,3
Male,5.573985438,82.35754266,3
Male,5.624417812,77.83929353,2
Male,5.707201185,78.26567481,1
Male,6.223122774,99.26655192,2
Male,5.359838598,71.56925942,2
Male,5.716841885,87.07119603,3
Male,6.041632157,96.6018195,3
Male,6.046145328,100.8614296,3
Male,5.368003083,71.70767647,2
Male,5.973960753,91.99841383,2
Male,5.807492975,80.73446499,1
Male,5.683969657,83.4737856,2
Male,5.837255646,81.5213,1
Male,5.887870088,83.63509503,1
Male,5.606053953,86.32002341,3
Male,5.399532562,69.68371855,1
Male,5.876570331,91.8383213,3
Male,5.741893018,87.01536986,3
Male,5.93579427,82.92074439,1
Male,5.890745466,84.72769126,2
Male,5.662743647,77.66288127,2
Male,6.160119241,95.78206426,2
Male,5.515298116,81.6975535,3
Male,5.443000076,85.91989921,4
Male,5.845193075,79.46062823,1
Male,4.867242233,55.03820277,1
Male,6.037560307,91.5892821,2
Male,5.624605208,74.95634794,1
Male,5.583483857,75.11649237,1
Male,5.675398957,84.78015254,3
Male,5.687845589,81.16119971,2
Male,5.717154124,76.90583035,1
Male,6.009925491,93.20936461,2
Male,5.603081711,79.79091626,2
Male,6.057781756,92.28510845,2
Male,5.264638084,63.10973156,1
Male,5.547564558,86.11176044,3
Male,6.075054464,100.9285296,3
Male,6.210788079,102.3033806,3
Male,5.785713303,76.91784562,1
Male,6.065314034,91.47519282,2
Male,5.857901431,87.08376623,2
Male,6.017691617,85.6999888,1
Male,5.865645732,82.10138659,1
Male,5.964481651,97.65739556,3
Male,5.630371597,76.44873788,1
Male,5.626040568,84.50040197,3
Male,6.072953886,86.33774564,1
Male,5.637732341,74.8898993,1
Male,5.147271746,66.40462878,2
Male,5.76351942,81.56406465,2
Male,5.471625578,68.77712907,1
Male,5.487877276,72.62566737,1
Male,5.814072035,84.51925652,2
Male,5.584348963,75.58294209,2
Male,5.639037555,87.68135497,3
Male,6.247936102,97.29363305,2
Male,6.125355144,85.67276605,1
Male,5.472803793,77.13927756,2
Male,5.597155129,82.86251254,3
Male,5.864884172,87.97211624,2
Male,5.899856084,89.98739048,2
Male,5.935147146,92.69620955,3
Male,5.562739036,74.24893578,1
Male,5.779955014,84.04387477,2
Male,5.250797953,61.52120415,1
Male,5.5897476,82.80578277,3
Male,5.930929645,96.82268718,3
Male,5.555130574,78.02457489,2
Male,5.708578807,88.47117385,3
Male,5.841628931,82.53395211,2
Male,5.799983098,94.77768259,3
Male,5.891250275,87.10153491,2
Male,5.934047341,92.64280329,3
Male,6.220878555,96.76067549,2
Male,6.016457652,90.48815152,2
Male,5.53130488,79.69235301,3
Male,5.485636491,87.48974449,4
Male,5.640268395,87.15789655,3
Male,5.935015012,95.46157823,3
Male,6.091947199,97.23769244,3
Male,5.681163824,81.22503624,2
Male,5.657043124,82.65657174,2
Male,5.565483808,84.50650706,3
Male,5.495093457,82.13169426,3
Male,5.449052548,75.09058836,2
Male,5.857870175,83.38123822,2
Male,5.56378913,76.23740685,2
Male,5.61785663,83.3881673,3
Male,5.751825275,90.09397973,3
Male,5.56089639,78.99633179,2
Male,5.424330242,72.78838798,2
Male,6.060484074,102.5050503,3
Male,5.877889126,92.42558423,3
Male,5.706215621,83.1776605,2
Male,5.660871839,81.17769221,2
Male,5.961900872,96.36286984,3
Male,5.836253743,87.89518253,2
Male,5.628633278,84.98251812,3
Male,5.910910972,85.59474436,2
Male,6.041264928,102.2301305,3
Male,5.830824007,92.20441373,3
Male,5.535721171,79.93132812,3
Male,5.868164379,86.32981629,2
Male,5.948918515,90.1845431,2
Male,5.202523187,69.32774846,2
Male,6.014609286,85.56152861,1
Male,5.652500293,78.37022662,2
Male,5.869695803,88.98384007,2
Male,5.701397452,85.328855,3
Male,5.956953543,95.21583833,3
Male,6.012792776,89.14845824,2
Male,5.742387854,83.93969596,2
Male,5.501858971,75.92184435,2
Male,6.184210314,92.87738644,2
Male,5.382105455,71.46656181,2
Male,5.989167782,99.42660318,3
Male,5.329874851,62.85734689,1
Male,5.460006491,75.48788871,2
Male,5.997807974,93.37498979,2
Male,5.613886856,76.17527343,2
Male,5.535354175,76.84118755,2
Male,5.965460529,87.98732779,2
Male,6.063360582,99.57328419,3
Male,5.734160397,84.78051388,2
Male,5.698258345,81.48002409,2
Male,5.872901414,87.83711302,2
Male,5.836720231,90.28207995,3
Male,5.848192441,89.97814236,3
Male,6.069286396,93.74192092,2
Male,5.534685664,80.59297317,3
Male,6.150147411,99.32765093,3
Male,5.356374594,72.45632721,2
Male,5.560370559,82.64390503,3
Male,5.867910292,87.39967046,2
Male,5.449932015,66.29112047,1
Male,5.684602665,83.07253976,2
Male,5.70957412,76.71847021,1
Male,5.555814764,81.8593417,3
Male,6.140280558,96.86326297,2
Male,5.864339726,87.1253328,2
Male,5.654288437,82.42639779,2
Male,5.879593994,93.43533217,3
Male,5.567835681,84.51562619,3
Male,6.184757781,101.0740402,3
Male,5.63940645,78.83781255,2
Male,5.607000694,78.32500572,2
Male,6.051205347,93.15630476,2
Male,5.447780721,78.44571137,3
Male,6.014116109,92.97997464,2
Male,5.673648691,88.06191053,3
Male,5.5118013,77.51813365,2
Male,5.657423697,77.53272754,2
Male,5.677514188,88.41672084,3
Male,5.315954011,66.74390974,1
Male,5.589305172,74.75510786,1
Male,5.782394557,88.10154476,3
Male,5.798076057,82.95702361,2
Male,6.046641468,95.64625183,3
Male,5.66733303,77.66512174,2
Male,5.712841624,78.11584101,1
Male,5.636455696,88.37216445,3
Male,5.505593115,75.97036927,2
Male,5.698970921,81.48876387,2
Male,5.801117171,85.66953842,2
Male,5.815802897,87.28865959,2
Male,5.895898534,96.45547378,3
Male,5.875867701,79.32654353,1
Male,6.081935273,101.7737841,3
Male,5.58448588,80.04336861,2
Male,5.863213321,83.18157878,2
Male,5.472756588,82.3704907,3
Male,5.37781164,69.66436542,1
Male,5.321836926,70.34374935,2
Male,5.900819066,92.52316395,3
Male,5.650751405,81.61699767,2
Male,5.634663055,84.17775354,3
Male,5.658536604,78.65188926,2
Male,6.056573947,98.28737619,3
Male,5.437967603,65.9230437,1
Male,5.626017207,80.47773317,2
Male,5.728101912,76.948289,1
Male,5.863943034,91.88503243,3
Male,6.003403032,90.34373289,2
Male,5.582988856,75.55377317,2
Male,5.960931757,90.7065815,2
Male,5.806840885,85.08316699,2
Male,5.515853352,77.29873674,2
Male,5.568596362,78.74859912,2
Male,5.487618369,76.932469,2
Male,6.167330421,99.74314807,3
Male,5.531786463,78.35178321,2
Male,5.819037625,88.89469369,3
Male,5.845397096,88.37413953,2
Male,5.975775822,93.28067839,3
Male,5.627550703,76.02842073,1
Male,5.500672463,75.75529211,2
Male,5.620428735,74.9672256,1
Male,5.744316454,82.71915128,2
Male,5.544236431,85.89298614,3
Male,5.930787452,88.60057316,2
Male,5.742736095,82.02009326,2
Male,5.451528029,72.92427207,2
Male,5.869764935,90.81144791,3
Male,5.939077752,85.86852215,2
Male,5.696651065,79.01510882,2
Male,6.111632696,98.45735469,3
Male,6.025016059,96.71936737,3
Male,6.170274344,99.4901202,3
Male,5.691903447,87.86216854,3
Male,5.428526365,77.84412275,3
Male,5.051176392,70.96840036,3
Male,5.747873634,87.14875126,3
Male,5.790380429,85.66338212,2
Male,5.416784603,73.04180122,2
Male,5.851114806,89.58460832,3
Male,5.416074468,63.01501964,1
Male,5.970368426,86.21135869,2
Male,6.051401554,101.9939498,3
Male,5.920547014,86.76078508,2
Male,6.060528676,99.23083965,3
Male,5.759986063,80.13442643,1
Male,5.74782867,82.69552517,2
Male,5.960914997,92.45142519,3
Male,5.4439449,77.91026027,3
Male,6.091072763,87.97170515,1
Male,5.738338723,80.34538932,2
Male,5.74778542,72.25065009,1
Male,5.584483093,90.35362108,4
Male,5.963143398,84.32560237,1
Male,5.862656844,90.22099586,3
Female,4.909227827,46.30654099,1
Female,5.43583455,64.09531919,2
Female,5.280750482,59.43945111,2
Female,5.373333291,58.13768867,1
Female,5.149424844,58.86792599,2
Female,5.497335088,71.12431285,3
Female,5.237531721,52.14914058,1
Female,5.471013212,74.88047881,4
Female,5.157519643,50.65553211,1
Female,5.306489182,47.24240894,0
Female,5.675097868,75.55753862,3
Female,5.149906709,48.18684717,0
Female,5.280955082,58.11349307,2
Female,4.907990686,46.12251245,1
Female,4.869854248,44.53947661,1
Female,5.067483385,57.56795425,3
Female,5.84405459,68.60786458,1
Female,5.188119304,52.52487658,1
Female,5.144591016,48.92764848,0
Female,5.254963226,66.03855952,3
Female,5.19057003,63.28651092,3
Female,5.152289961,55.68586273,2
Female,5.528961612,71.38688971,3
Female,5.443386177,65.78792518,2
Female,5.508656243,67.42440085,2
Female,5.377265341,60.18310103,2
Female,4.712331399,38.4973935,0
Female,5.228273578,62.83641675,3
Female,5.132100052,62.33513567,3
Female,5.168702235,56.51946394,2
Female,5.442611352,63.62398073,2
Female,5.100413169,49.11962343,1
Female,5.585424639,68.13835305,2
Female,5.017597374,53.99458147,2
Female,5.328331235,63.27437713,2
Female,5.279817266,56.97727418,2
Female,5.307089207,60.00262081,2
Female,5.024072693,59.16702606,3
Female,5.283940985,58.44471582,2
Female,5.052633505,49.76807627,1
Female,5.614466562,66.23513122,2
Female,5.572728645,72.05558972,3
Female,5.003929095,51.98334674,2
Female,5.346206194,60.39061407,2
Female,5.288472243,58.49124153,2
Female,5.603655842,69.88123795,2
Female,5.517799719,63.0499286,2
Female,5.391068621,62.90463372,2
Female,5.516607117,81.96347538,4
Female,5.487781494,67.63910715,3
Female,5.420793525,65.80432846,3
Female,5.373134768,65.60688268,3
Female,5.211673277,63.26652389,3
Female,5.133019466,58.95671327,3
Female,5.079194238,53.26205364,2
Female,5.296102153,62.36542824,2
Female,5.187362362,62.76928146,3
Female,5.515882747,64.07995759,2
Female,5.212338332,56.11527334,2
Female,5.552486371,66.04072883,2
Female,4.967380171,49.81046892,1
Female,5.374449735,72.32814081,4
Female,5.411379831,69.13633733,3
Female,5.114938371,64.15048879,4
Female,5.50589911,67.01940929,2
Female,5.326202809,59.6536839,2
Female,5.801650687,71.22485226,2
Female,5.598461502,71.19179137,3
Female,5.283254405,65.244999,3
Female,5.101097788,44.77301875,0
Female,4.972320892,57.31384806,3
Female,5.340784043,60.87716577,2
Female,5.048172068,53.63410102,2
Female,5.176239032,65.9239957,4
Female,4.679954985,41.19315604,1
Female,5.620772927,77.48743711,4
Female,5.422095559,70.83448708,3
Female,5.460738189,63.04466779,2
Female,5.26247123,56.33341424,1
Female,4.906191879,46.68699254,1
Female,5.501769502,64.2542684,2
Female,5.127091091,60.5675843,3
Female,5.298692711,60.41376918,2
Female,4.982230402,53.02722079,2
Female,5.595767376,63.30016729,1
Female,5.193590756,57.66568071,2
Female,5.428971804,61.08173957,2
Female,5.885716559,77.17813886,2
Female,5.615621112,74.79414067,3
Female,5.677534249,80.39486678,4
Female,5.290705139,56.26950304,1
Female,5.09692227,48.64123672,1
Female,5.892511816,73.19333232,2
Female,5.434071408,62.46112328,2
Female,5.113290941,55.98249794,2
Female,5.172643098,64.71120619,4
Female,5.450406998,65.3291457,2
Female,5.151947508,50.80325031,1
Female,5.245599939,56.10229364,1
Female,5.363586315,60.41128494,2
Female,5.336544961,66.78727581,3
Female,5.815694577,75.94853485,3
Female,5.235196003,57.52285609,2
Female,5.99927157,80.45196079,3
Female,5.166174044,60.97073056,3
Female,5.483717331,63.26859486,2
Female,5.002551003,47.39924876,1
Female,5.374905643,66.28142855,3
Female,5.170803875,54.37008528,1
Female,5.380665123,62.38452173,2
Female,5.042026488,52.79003833,2
Female,5.101204323,58.18077442,3
Female,5.481717534,66.61300102,2
Female,5.056190028,52.52834284,2
Female,5.399154557,56.32377793,1
Female,5.24971511,59.42261455,2
Female,5.317457058,64.60150797,3
Female,5.189991842,60.44364158,3
Female,5.142586157,49.00110087,0
Female,5.401887295,64.72636522,2
Female,5.46125744,66.28604585,2
Female,5.111388415,57.76134663,2
Female,4.758655941,42.41380188,1
Female,4.703807236,43.83532974,1
Female,5.067963679,59.9535598,3
Female,5.122065458,62.27792953,3
Female,5.160338798,57.34852115,2
Female,5.55538269,69.8299541,3
Female,5.423555655,64.0134586,2
Female,5.291095419,72.82642991,4
Female,5.382523975,63.58287673,2
Female,5.085362014,60.86931653,3
Female,5.187256896,53.17484972,1
Female,5.421677313,63.94990783,2
Female,5.268318859,64.85172338,3
Female,5.269085129,59.52868349,2
Female,5.273244205,61.15684045,2
Female,5.504222724,63.00694845,2
Female,5.253142246,57.63822967,2
Female,5.219007079,55.21348486,1
Female,5.139047333,50.62986474,1
Female,5.287004794,57.3829645,2
Female,5.172452233,55.32077406,2
Female,5.667233846,73.10316934,3
Female,5.544580085,74.19033697,3
Female,5.212487317,53.93365024,1
Female,5.431853412,60.56100811,2
Female,5.435575236,55.87057275,1
Female,5.329569369,55.28782153,1
Female,5.318836707,67.75277327,3
Female,5.340934523,59.40806565,2
Female,4.970470917,52.86710045,2
Female,5.358268291,63.55145395,2
Female,5.513135857,65.18546684,2
Female,4.924058043,58.63713815,4
Female,5.330128102,63.84873057,3
Female,5.200588844,54.56874645,1
Female,5.455065586,64.35808879,2
Female,5.415165031,71.59018416,4
Female,5.151471437,55.16370177,2
Female,5.318834981,69.78350351,4
Female,5.355897844,60.84441586,2
Female,4.830161503,50.90536401,2
Female,4.883102279,47.53538633,1
Female,5.202572401,57.95341125,2
Female,5.101538072,54.10248787,2
Female,5.142199646,50.31404247,1
Female,5.617323201,72.45158513,3
Female,5.253499926,55.37790889,1
Female,5.32647679,61.55132594,2
Female,5.521630013,62.97681229,2
Female,5.080609949,51.61671853,1
Female,5.1985708,56.85655669,2
Female,5.47940097,72.70642945,4
Female,5.521050514,68.08268763,3
Female,5.496146528,74.2064945,4
Female,5.169031254,46.84482101,0
Female,5.126717542,57.78350051,2
Female,5.428634831,64.21755237,2
Female,5.439527767,61.91929049,2
Female,4.786880734,47.39439731,2
Female,5.380509137,58.86522716,1
Female,4.776158715,43.15439704,1
Female,5.153269319,50.08308058,1
Female,5.301484768,55.6061162,1
Female,5.373763899,68.22168841,3
Female,5.509513144,72.10037716,3
Female,5.139043737,51.22678312,1
Female,5.275799746,65.32532559,3
Female,5.070459496,61.66888167,3
Female,5.037283216,53.36692264,2
Female,4.905135582,41.1538319,0
Female,5.546981182,71.13796981,3
Female,5.528806399,71.79701341,3
Female,5.224702544,60.96106299,3
Female,5.259489273,56.61680022,2
Female,5.145254744,50.78611847,1
Female,5.13583238,50.42704226,1
Female,5.127168692,56.64578662,2
Female,5.352872658,59.06670451,2
Female,5.14662904,59.43075469,3
Female,5.402516279,67.5782279,3
Female,5.563256056,68.43870132,2
Female,5.599230456,80.02871316,4
Female,5.24627298,68.30316377,4
Female,5.356353733,55.9274621,1
Female,5.064929993,50.29440239,1
Female,5.052375047,59.42059139,3
Female,4.919007427,50.72690486,2
Female,5.275501682,60.92830932,2
Female,5.134995653,51.33318037,1
Female,5.099768762,52.57431934,1
Female,5.268230079,63.68800882,3
Female,5.164994723,54.39070933,1
Female,4.732119682,38.09866438,0
Female,5.233850115,52.94940402,1
Female,4.895937959,44.32622883,0
Female,5.103020787,50.57683746,1
Female,5.276651641,54.12088628,1
Female,5.575787868,68.7705322,2
Female,5.689727302,80.32461009,4
Female,4.887388463,45.4655454,1
Female,5.338572878,64.80457834,3
Female,5.374436527,64.29029756,2
Female,5.359899322,61.73994267,2
Female,5.544794193,73.49316789,3
Female,5.222841366,66.91307287,4
Female,5.359694201,61.30499619,2
Female,4.838462902,51.28354106,2
Female,4.910542049,47.77689647,1
Female,5.521275046,67.50934764,2
Female,5.472137638,59.57478205,1
Female,5.112465284,54.65796237,2
Female,5.382238151,66.75952522,3
Female,5.455462425,68.25174438,3
Female,5.251172845,58.59921891,2
Female,5.404379338,63.60669988,2
Female,5.265158543,65.62808706,3
Female,5.168946623,59.58335772,3
Female,5.397572846,63.06509748,2
Female,5.121375525,54.2263508,2
Female,5.439282099,65.88213973,2
Female,5.366059439,60.47226139,2
Female,5.21657628,54.04385953,1
Female,5.320834185,67.93092941,3
Female,5.441405882,68.15399039,3
Female,5.427422328,67.02854932,3
Female,5.374202064,71.26714373,4
Female,5.204757628,56.44352605,2
Female,5.616930304,69.97081969,2
Female,5.866061674,83.75983639,4
Female,5.149323975,53.59943854,1
Female,5.444469957,67.91437713,3
Female,5.681241192,65.68837605,1
Female,5.372255609,65.16469156,3
Female,5.300040175,59.43921075,2
Female,5.421667818,65.66163983,3
Female,5.093727379,53.24679491,2
Female,5.389740082,59.50329222,2
Female,5.472551616,71.68778887,3
Female,5.469160047,59.02802134,1
Female,5.234325822,58.8865126,2
Female,5.146058161,51.21515173,1
Female,5.289656186,57.67919406,2
Female,5.074543452,58.10680253,3
Female,5.244577352,60.1539156,2
Female,5.413334767,70.18852737,3
Female,5.708744357,70.63378387,2
Female,5.706780903,82.06514234,4
Female,5.5091731,79.99237274,4
Female,5.092017257,60.41136332,3
Female,5.208447182,58.32347162,2
Female,5.332225879,66.34513649,3
Female,5.458560532,68.17544529,3
Female,5.122392112,58.39689965,2
Female,5.275507355,58.39087385,2
Female,5.251030367,58.12739288,2
Female,5.555690655,65.92795752,2
Female,4.960732514,52.05073967,2
Female,4.915595069,45.6963141,1
Female,5.330495353,59.24461789,2
Female,5.138326977,47.32900445,0
Female,5.489585231,66.66124625,2
Female,5.869622109,74.03455543,2
Female,5.220420312,53.27931181,1
Female,5.24716032,58.97820586,2
Female,5.326814856,61.5371313,2
Female,5.617377501,71.60114872,3
Female,5.339372937,69.61065372,4
Female,5.071635166,50.84357091,1
Female,5.209784256,58.359739,2
Female,5.29994789,58.9891115,2
Female,5.080826223,52.26667902,1
Female,5.265572243,60.31745489,2
Female,5.5959328,75.53234517,3
Female,5.067309503,53.15361904,2
Female,5.463726905,70.42304084,3
Female,5.715349746,75.20927548,3
Female,5.582248523,70.45669294,3
Female,4.942000714,56.54849357,3
Female,4.783145184,48.34736267,2
Female,5.275000636,55.31484655,1
Female,5.327536419,60.96704171,2
Female,5.53290648,73.61967087,3
Female,5.448331359,64.80715112,2
Female,5.121553912,49.53612477,1
Female,5.172533201,54.11317452,1
Female,5.075981072,59.74309078,3
Female,5.586831155,63.50000181,1
Female,4.870422893,41.00782664,0
Female,5.185375334,60.72485866,3
Female,5.059815399,54.68950477,2
Female,5.297396852,69.91926586,4
Female,5.182641619,51.22672429,1
Female,4.981371425,54.76845797,2
Female,5.135612434,56.08096874,2
Female,5.202246934,57.88594225,2
Female,5.020280058,59.72054604,3
Female,5.09164054,53.15963014,2
Female,5.316963368,66.25622062,3
Female,5.010124667,50.0210463,1
Female,5.179295085,53.3527969,1
Female,5.070459186,48.73676842,1
Female,5.067910717,49.95927398,1
Female,5.553391175,60.33100648,1
Female,5.331120829,67.77085969,3
Female,5.175862776,62.08364947,3
Female,5.385274508,61.05860207,2
Female,5.436326242,58.26238309,1
Female,5.247898926,62.35749009,3
Female,5.393399651,65.24518502,3
Female,5.165925442,56.3648397,2
Female,5.252874062,56.91094887,2
Female,5.143506722,48.63636686,0
Female,5.519622867,67.77288948,2
Female,5.412378167,70.36731337,3
Female,5.667059115,64.54139707,1
Female,5.297083042,60.83196846,2
Female,5.492062214,57.27836992,1
Female,5.131889348,57.91769797,2
Female,5.07090698,49.41705922,1
Female,5.122578311,52.01544003,1
Female,5.269709964,59.95386729,2
Female,5.662116129,73.55642909,3
Female,5.363626871,70.56703622,4
Female,4.611374515,40.08245529,1
Female,5.132266533,53.28725558,1
Female,5.591548783,72.88935504,3
Female,5.539237342,73.19852537,3
Female,5.420810204,58.07762159,1
Female,5.098165433,55.03309527,2
Female,5.495221683,71.22451348,3
Female,5.183001864,56.31686599,2
Female,5.577927607,70.28299893,3
Female,5.119366825,57.98936778,2
Female,5.249672665,63.98929444,3
Female,5.227674497,57.32225277,2
Female,5.180408865,54.11554508,1
Female,5.243789794,54.51843474,1
Female,5.204643442,62.75946204,3
Female,4.639016992,31.28998652,0
Female,5.080012395,56.64322908,2
Female,5.455924429,65.48934592,2
Female,5.074410626,61.10511344,3
Female,4.983757891,46.33325916,1
Female,5.370291468,68.7301881,3
Female,5.750652787,72.16067658,2
Female,5.554553209,71.10717126,3
Female,5.360693272,61.11924277,2
Female,5.315420021,69.19976976,4
Female,5.54634162,70.0317594,3
Female,5.463953946,75.7317931,4
Female,5.650315968,73.71315283,3
Female,5.693093504,68.28079243,2
Female,5.621717257,75.23606572,3
Female,5.121273434,46.17625922,0
Female,4.997810328,50.45054935,1
Female,5.232227891,48.85007552,0
Female,5.172600341,55.62581937,2
Female,4.823581644,50.22451583,2
Female,4.936600055,50.43102036,2
Female,5.070695432,52.14050371,1
Female,4.980283529,51.1386824,2
Female,5.307058296,60.90114451,2
Female,5.219660736,54.33551365,1
Female,5.427101885,64.22749417,2
Female,4.822475522,42.42624709,0
Female,5.825788682,73.69316817,2
Female,5.238469161,61.47115403,3
Female,4.969325984,49.56937645,1
Female,5.360450655,71.12359663,4
Female,5.231211196,65.72842821,3
Female,5.303503948,53.60865723,1
Female,5.818819028,77.78499927,3
Female,5.01354269,42.74311699,0
Female,5.190426334,59.91576739,2
Female,5.360707771,61.60657791,2
Female,5.209852977,58.64029529,2
Female,5.241069404,59.47984079,2
Female,5.199679636,57.6211538,2
Female,5.01009745,51.44059598,2
Female,5.174257772,56.10849185,2
Female,5.354638025,64.63855685,3
Female,5.529280669,59.54676557,1
Female,5.395388121,57.05101664,1
Female,5.367041154,64.48340131,3
Female,5.776812301,71.28751848,2
Female,5.155295273,57.61490243,2
Female,5.38004087,60.8713308,2
Female,5.568700819,75.28110577,4
Female,5.398817339,66.76476449,3
Female,5.310926241,61.50655995,2
Female,5.526993714,69.49952504,3
Female,5.521437387,64.73464529,2
Female,5.14213148,57.50982001,2
Female,5.390632772,56.5759574,1
Female,5.816249105,82.75855621,4
Female,5.096826937,53.99577333,2
Female,5.280917918,63.18546262,3
Female,5.53490563,60.89255064,1
Female,5.386884567,58.33488497,1
Female,5.274275319,57.33867569,2
Female,5.152042425,60.64205351,3
Female,5.586039052,81.52304025,4
Female,4.944592482,54.8030364,3
Female,5.10308248,51.7825051,1
Female,4.826930101,45.60425053,1
Female,5.283840579,58.68231822,2
Female,5.369035,64.50357009,3
Female,5.436360328,65.28986746,2
Female,5.544584231,66.90582223,2
Female,5.478977795,66.03235406,2
Female,5.310977893,51.83194818,0
Female,5.131648212,53.48025279,1
Female,4.937727281,63.11328587,4
Female,5.121355341,53.08339614,1
Female,5.217655945,61.12885622,3
Female,5.729969853,69.71257564,2
Female,5.383119717,65.46720981,3
Female,5.050251005,45.36001247,0
Female,5.388161838,60.9832011,2
Female,5.204484801,60.19056218,2
Female,5.200444844,52.88997945,1
Female,5.398796108,67.32732938,3
Female,5.423978861,67.25163733,3
Female,5.173127078,58.28352469,2
Female,5.538765514,72.61290572,3
Female,5.212323329,56.97037417,2
Female,5.49821495,64.0082783,2
Female,5.074140288,52.87418585,2
Female,5.229249893,54.67842662,1
Female,5.311296874,64.63299966,3
Female,5.266600424,56.91105674,2
Female,5.179055942,59.47243811,2
Female,5.330956226,68.21012451,3
Female,5.122676044,53.94041345,2
Female,5.412379086,64.26946385,2
Female,5.176014631,53.96817873,1
Female,5.325876485,63.83456178,3
Female,5.436756197,68.14321811,3
Female,5.359822166,51.73907898,0
Female,5.419800769,63.58927561,2
Female,4.776085446,42.58168637,1
Female,5.267978075,57.60863954,2
Female,5.574394892,73.073356,3
Female,5.33116056,60.53628408,2
Female,5.045148463,53.69468484,2
Female,5.438593027,62.62979625,2
Female,5.288171313,60.58878972,2
Female,5.421115388,68.08724116,3
Female,5.268492434,63.62676307,3
Female,5.471079418,68.57512769,3
Female,5.046010621,51.36138482,1
Female,5.048818527,51.07433208,1
Female,5.556196847,59.87620547,1
Female,5.267213625,58.94627655,2
Female,5.692230444,75.65076748,3
Female,5.298356542,61.58894218,2
Female,5.076502266,54.32801753,2
Female,5.107697078,53.67389709,2
Female,5.402425117,70.24184172,3
Female,5.271998262,63.08168496,3
Female,5.359017796,63.9019255,2
Female,5.215593142,69.66023551,4
Female,5.609243459,72.754393,3
Female,5.338548402,62.25767629,2
Female,5.353425922,64.67282997,3
Female,5.042629235,56.10659356,2
Female,5.379236902,60.46895025,2
Female,5.50308273,68.49006291,3
Female,5.14157859,53.07205205,1
Female,5.305997832,67.65608,3
Female,5.247293476,56.61324632,2
Female,5.689106365,70.57322677,2
Female,5.282649108,65.33978073,3
Female,5.207336487,62.77446503,3
Female,5.442807242,62.08823017,2
Female,5.450921257,66.66776034,3
Female,5.48500213,70.73417315,3
Female,5.527694772,67.00732825,2
Female,5.465163761,65.10928967,2
Female,5.361743473,62.5237342,2
Female,5.385313398,67.55038719,3
Female,5.431354625,63.50135048,2
Female,5.152901596,63.97466548,3
Female,5.366682528,63.51820364,2
Female,5.400184549,67.87199091,3
Female,5.55838782,78.71311972,4
Female,5.326786107,64.79261886,3
Female,5.387828582,61.26855698,2
Female,5.519105179,76.70332611,4
Female,5.078036728,53.80452908,2
Female,5.201435715,59.32800183,2
Female,5.248771291,55.48439209,1
Female,5.046529723,55.09575582,2
Female,5.232746502,65.71445315,3
Female,5.608617299,74.8512804,3
Female,4.949190143,56.16859735,3
Female,5.30620704,61.08092651,2
Female,5.484917398,77.39525147,4
Female,5.218528261,48.3502761,0
Female,5.345964852,59.16419074,2
Female,5.84626002,74.39076585,2
Female,5.68827611,77.95267915,3
Female,4.997368374,52.37946349,2
Female,4.86809711,43.73641308,0
Female,5.108953971,62.17175069,3
Female,5.295922646,60.49963218,2
Female,5.452376048,58.0778981,1
Female,5.124538314,58.70441355,3
Female,5.177645992,60.24092705,3
Female,5.286299658,54.5149199,1
Female,5.580918026,75.47712853,4
Female,5.373574742,65.01794844,3
Female,5.348013784,58.78664024,2
Female,5.584451226,75.49447778,4
Female,5.22344621,65.40785972,3
Female,5.440171377,72.79519042,4
Female,5.51158854,68.71966811,3
Female,5.358167519,55.03870835,1
Female,5.219438469,62.5853416,3
Female,5.257014422,67.56501792,4
Female,5.269368449,59.83165847,2
Female,5.401506656,68.71641689,3
Female,5.084045512,53.54122402,2
Female,5.39527234,64.15391201,2
Female,5.262014264,54.682901,1
Female,5.261767574,62.89132717,3
Female,5.363849674,67.88479938,3
Female,5.268124159,61.5076547,2
Female,5.06731453,51.00032731,1
Female,5.036330508,53.5688085,2
Female,5.531420383,68.63277123,3
Female,5.635761275,73.98657025,3
Female,5.257642097,54.88876673,1
Female,5.627951408,79.3876332,4
Female,5.450086724,71.76965935,4
Female,4.916412156,51.58911604,2
Female,5.547411863,67.62275599,2
Female,5.594156866,66.49866367,2
Female,5.165963586,58.65932923,2
Female,5.425922145,58.54539966,1
Female,5.435066671,68.75097917,3
Female,5.133383255,61.96503053,3
Female,5.524617214,70.16934057,3
Female,5.218038555,52.15791923,1
Female,5.777493658,76.01439359,3
Female,5.269839009,52.61013735,1
Female,5.417786423,63.77554005,2
Female,5.056238174,58.33921878,3
Female,5.448891077,69.96188155,3
Female,5.258570978,69.63574557,4
Female,5.25201879,59.71063208,2
Female,5.374624313,64.63510628,3
Female,5.305759581,64.37160631,3
Female,5.175813252,56.46503579,2
Female,5.589067984,69.15335568,2
Female,5.379700041,66.41123717,3
Female,5.500416726,66.52793134,2
Female,5.318838054,56.95131732,1
Female,5.634722924,77.61528191,4
Female,5.544874666,74.46265433,4
Female,5.211471734,56.66295479,2
Female,5.754860953,79.25522516,3
Female,5.349846447,59.1014221,2
Female,5.4221597,70.07698982,3
Female,5.264728605,60.4666396,2
Female,5.241040229,64.8164427,3
Female,5.125040708,57.19277617,2
Female,5.209101288,59.92963232,2
Female,5.484799885,62.91810548,2
Female,5.224939973,57.44294763,2
Female,5.167042396,62.13106935,3
Female,5.34642521,59.25021078,2
Female,5.085435578,54.90981634,2
Female,5.228588056,61.39512229,3
Female,5.230310494,61.06225926,3
Female,5.462401201,68.07054817,3
Female,5.259605793,57.83678638,2
Female,5.311565557,61.78117957,2
Female,5.623474937,77.39069862,4
Female,4.980179867,43.31827292,0
Female,5.335580151,62.99335323,2
Female,5.327699165,59.39203015,2
Female,5.688488141,78.6510566,4
Female,5.023022007,41.74775836,0
Female,5.269877228,49.53137039,0
Female,5.444977253,73.2242552,4
Female,5.172444636,60.17123182,3
Female,5.4989677,75.67930723,4
Female,5.30001281,64.71991776,3
Female,4.885100513,47.93685805,1
Female,5.195968339,67.03043295,4
Female,5.172038897,61.4862819,3
Female,5.427750044,74.11289478,4
Female,5.315037715,57.13681591,1
Female,5.132975204,57.01229491,2
Female,5.261726828,61.12149069,2
Female,5.115641001,63.19696959,3
Female,5.200338601,60.26420426,2
Female,5.258304041,58.01320754,2
Female,5.440591794,65.98381426,2
Female,5.652787657,81.77818917,4
Female,5.075092077,53.10176484,2
Female,5.167655194,55.66010669,2
Female,5.667174262,72.80114999,3
Female,5.368222186,72.55268917,4
Female,5.395167203,66.24588201,3
Female,5.098118267,53.98944027,2
Female,5.760734743,78.80878954,3
Female,4.980141503,48.16319638,1
Female,5.323576159,60.45226361,2
Female,5.299907886,56.62179881,1
Female,5.541690524,74.48557035,4
Female,5.366436886,67.2991511,3
Female,5.629658389,70.05151781,2
Female,5.290636593,69.37217443,4
Female,5.183244122,60.97049337,3
Female,5.443997592,63.07002372,2
Female,5.563846562,69.37449765,3
Female,5.343595858,65.5250152,3
Female,5.545711807,70.73341692,3
Female,5.315965342,62.3296432,2
Female,5.515313354,66.25974526,2
Female,5.41954491,66.09123668,3
Female,4.866606262,52.12441319,2
Female,5.229605424,65.17180861,3
Female,5.084742967,55.5883242,2
Female,5.03421774,48.3721884,1
Female,5.436511711,61.52906728,2
Female,5.517806895,64.82592633,2
Female,5.281218508,59.15002921,2
Female,5.490713975,62.05267125,2
Female,5.174052797,51.14174316,1
Female,5.327138748,66.58973324,3
Female,4.898479959,41.17476444,0
Female,5.466930861,69.30611334,3
Female,5.524210204,63.47551673,2
Female,5.451687159,64.73985807,2
Female,5.677251542,70.50240245,2
Female,5.616587593,73.20416031,3
Female,5.691802022,76.5605586,3
Female,5.735119499,85.58929072,4
Female,5.347028221,63.34184585,2
Female,5.548894837,65.3166602,2
Female,5.68314981,78.19092401,4
Female,5.65921573,74.56852505,3
Female,5.781644759,80.60347983,3
Female,5.3796845,66.37692518,3
Female,5.416467657,56.18584119,1
Female,5.061046762,58.93607492,3
Female,5.555591721,73.04412071,3
Female,5.452161133,64.61481888,2
Female,5.4213606,67.49722841,3
Female,5.520430664,75.12249553,4
Female,5.444056638,60.64250297,2
Female,5.313451831,53.32074793,1
Female,5.551309476,67.45287269,2
Female,5.392119914,66.60953461,3
Female,5.056737297,51.54723281,1
Female,5.315409293,63.68931657,3
Female,5.071529591,53.38629419,2
Female,5.404997943,63.85900427,2
Female,5.483335844,68.74515626,3
Female,5.219417276,57.8497268,2
Female,5.282221862,51.93845688,1
Female,5.214457819,54.69579556,1
Female,5.888691884,73.60976277,2
Female,5.226779297,54.19823698,1
Female,5.61599401,75.97147195,3
Female,4.963304135,50.31172066,1
Female,5.307336827,59.11973451,2
Female,5.311786108,63.7089605,3
Female,5.518109749,64.88309405,2
Female,5.125948767,61.25843928,3
Female,5.231754172,61.52025773,3
Female,5.162127106,50.19329503,1
Female,5.517069335,62.21701672,2
Female,5.315406053,60.88503747,2
Female,5.260670418,61.95752579,3
Female,5.324120471,65.48791529,3
Female,5.569769376,69.36334643,3
Female,5.504622895,68.4905664,3
Female,5.355388336,73.8467955,4
Female,5.124136302,54.12739665,2
Female,5.569187102,75.00282724,4
Female,5.008988617,55.50334724,2
Female,5.431425193,61.0859237,2
Female,5.204899468,61.73350296,3
Female,5.113671198,52.24290485,1
Female,5.301964688,62.55256384,2
Female,5.064338027,46.8446007,0
Female,5.378520996,73.66959535,4
Female,5.466515217,65.80744269,2
Female,5.626420018,76.79731355,4
Female,5.152620153,65.73140011,4
Female,4.804573906,44.84978026,1
Female,5.513577747,71.74585879,3
Female,5.474360459,79.28553175,4
Female,4.886907558,41.33878113,0
Female,5.517922948,79.41549732,4
Female,4.916811987,46.48359568,1
Female,5.663772349,66.81607003,2
Female,5.688186586,75.2264696,3
Female,5.344383131,68.27403153,3
Female,5.421355863,64.02922068,2
Female,5.017783108,49.7422745,1
Female,5.093343199,56.05554005,2
Female,5.759941169,76.59569577,3
Female,5.56165706,69.37096797,3
Female,5.142689061,58.8659862,2
Female,5.514043368,78.02115467,4
Female,4.673225127,42.85925649,1
Female,5.663317978,79.5390817,4
Female,5.27916583,63.15063412,3
Female,5.120857011,45.73032822,0
Female,5.708787043,80.2428179,4
Female,5.122341801,55.73227976,2
Female,5.705809799,78.27986596,3
Female,5.450252319,66.65565435,3
Female,4.675741991,36.52840824,0
Female,5.622030961,79.75853412,4
Female,5.32638327,66.05414566,3
Female,5.400557325,62.81591281,2
Female,5.10203833,59.21158785,3
Female,5.297672992,63.13548575,3
Female,4.875318563,46.32293125,1
Female,5.680013439,71.7113078,2
Female,5.313002148,67.53015164,3
Female,5.533307425,67.41894458,2
Female,4.96396848,59.02116719,3
Female,5.338393573,62.50450935,2
Female,5.151913192,68.77454981,4
Female,5.646958874,69.8722495,2
Female,4.96256402,60.32259015,4
Female,5.22229851,56.26093286,2
Female,5.495149192,64.79105057,2
Female,5.065573789,60.4346955,3
Female,5.61520642,72.03849298,3
Female,5.234504623,51.86105338,1
Female,5.280546443,58.07678208,2
Female,5.613097363,74.23827381,3
Female,5.213811034,58.45506087,2
Female,5.255931082,64.05411264,3
Female,5.186219582,53.91074444,1
Female,5.056621571,54.86312516,2
Female,5.178390932,53.20065776,1
Female,5.04194404,53.37571963,2
Female,5.181998694,59.71964293,2
Female,5.374114808,64.37668265,2
Female,5.439034505,67.22295929,3
Female,5.565735344,69.13241234,3
Female,4.990949878,49.27179242,1
Female,5.517216652,76.69791601,4
Female,5.658521201,68.36754125,2
Female,4.923889198,45.82973646,1
Female,5.760763154,74.76076734,3
Female,5.567657711,63.40615417,2
Female,5.345867066,65.7642342,3
Female,5.27193972,62.30774578,3
Female,5.218141,62.63323489,3
Female,5.393800327,71.65492475,4
Female,5.286709819,63.56806488,3
Female,5.283576542,53.64719893,1
Female,5.357988671,54.48368463,1
Female,5.022179725,48.14356483,1
Female,5.41030222,55.55868825,1
Female,5.54311224,64.89744174,2
Female,5.360743736,63.58522906,2
Female,5.44508691,67.45897239,3
Female,5.186850869,60.47508464,3
Female,5.052199691,58.33993192,3
Female,5.372452076,61.32302705,2
Female,5.534548843,68.47334216,3
Female,5.747916093,75.84977933,3
Female,5.165352654,53.36087584,1
Female,5.18007094,53.75634386,1
Female,5.117549306,63.45756561,4
Female,5.395595838,56.49349348,1
Female,5.32033849,63.50674406,3
Female,5.521521679,72.81529357,3
Female,5.38371527,68.50657819,3
Female,5.36748305,61.79979248,2
Female,5.652059764,69.52199091,2
Female,5.31107076,65.67011889,3
Female,5.772665038,76.28604544,3
Female,5.636961735,66.18281971,2
Female,5.047373802,50.11780642,1
Female,5.003107465,53.34519046,2
Female,4.968883872,48.74841578,1
Female,5.694454141,79.43978332,4
Female,5.473992534,72.04902446,3
Female,5.680665657,74.8252996,3
Female,5.626533432,68.83921655,2
Female,5.288551822,57.46561557,2
Female,5.311920157,57.2860458,1
Female,5.589471909,72.78340893,3
Female,5.224557006,57.46691688,2
Female,5.602888008,69.59317529,2
Female,5.233602952,57.15749912,2
Female,5.176459516,62.27022258,3
Female,4.817277058,48.85423606,2
Female,5.284488007,54.97584581,1
Female,5.198794679,62.38429775,3
Female,5.170845515,57.62944702,2
Female,5.314840117,67.99128712,3
Female,5.726451821,75.65928632,3
Female,5.423164197,67.46430392,3
Female,5.130050924,52.90108876,1
Female,5.143243821,55.15985004,2
Female,5.376800992,66.68950232,3
Female,5.064255037,49.82145934,1
Female,5.437894328,63.7322471,2
Female,5.27122236,61.62770164,2
Female,5.420185273,64.82035639,2
Female,5.315322703,63.20387972,3
Female,5.243337625,59.68088609,2
Female,5.27264338,67.64101138,4
Female,5.368695029,62.13177409,2
Female,5.429590164,62.50789964,2
Female,5.353568127,62.78020539,2
Female,5.157804875,53.3634381,1
Female,5.229663397,55.57208027,1
Female,5.642602809,65.95624021,2
Female,5.524493489,76.2687039,4
Female,4.881464809,49.46504581,2
Female,5.137647822,58.52629542,2
Female,4.872582126,46.74091354,1
Female,5.413028902,65.66169653,3
Female,4.828924413,41.48968876,0
Female,5.675951735,70.20977892,2
Female,5.011989229,48.60976068,1
Female,5.470218655,70.72013467,3
Female,5.318560576,63.0021103,2
Female,5.628888789,68.44166773,2
Female,5.620857129,76.43814676,4
Female,5.413679058,57.0710923,1
Female,5.179108146,59.47282194,2
Female,5.383446716,76.61542293,4
Female,5.426184787,64.85104662,2
Female,5.35920927,72.00566506,4
Female,5.221612164,56.36218995,2
Female,5.330269074,50.15875838,0
Female,5.41122042,58.61298296,1
Female,5.557529584,71.57416026,3
Female,5.668523711,73.77803349,3
Female,5.241894234,62.16118642,3
Female,5.305483319,55.40558132,1
Female,4.864734505,43.80764578,0
Female,5.186987608,51.38782988,1
Female,5.606437644,70.59838122,3
Female,5.160308304,61.09085765,3
Female,5.137220263,60.99725717,3
Female,5.261028448,59.20055905,2
Female,5.473192345,66.45742881,2
Female,5.152273344,58.82433712,2
Female,5.138869755,54.70609869,2
Female,5.474844165,66.05455099,2
Female,4.938701133,53.31314784,2
Female,5.376719093,60.46132136,2
Female,5.325470751,76.69309423,4
Female,5.051198992,59.13491282,3
Female,5.494952314,71.28682653,3
Female,4.939971322,39.41301079,0
Female,5.566874456,68.97686073,2
Female,5.315877556,55.39330941,1
Female,5.473502944,62.17272319,2
Female,5.617755477,66.26540656,2
Female,5.397120991,68.29325476,3
Female,5.526997308,67.55743121,2
Female,5.307942456,54.8691277,1
Female,5.145859371,64.08610078,4
Female,5.195384144,58.39209941,2
Female,5.532286451,56.37141639,0
Female,5.132956358,63.67392167,4
Female,5.66181159,64.84653949,1
Female,5.392955562,66.31051759,3
Female,5.375471331,64.8834982,3
Female,5.232405817,58.99970299,2
Female,5.770563826,76.30250088,3
Female,5.079130302,52.06856556,1
Female,5.481453792,76.06128571,4
Female,5.840326948,75.19269647,2
Female,5.366591102,64.28795557,3
Female,5.188931674,58.67299122,2
Female,5.445127745,74.40303386,4
Female,5.490001342,59.76605619,1
Female,5.056699138,54.0663234,2
Female,5.365588627,60.38011671,2
Female,5.671609231,68.48331132,2
Female,5.332474509,64.17784131,3
Female,5.34183459,64.29454963,3
Female,5.395750794,67.73570379,3
Female,5.262635948,54.06428069,1
Female,5.078225037,61.50790993,3
Female,5.141194925,55.67693961,2
Female,5.478976084,63.42968988,2
Female,5.722389533,76.44889255,3
Female,5.140462086,57.15603442,2
Female,5.364551621,61.51806125,2
Female,5.036982589,49.75384683,1
Female,5.467196041,70.78003797,3
Female,5.232023197,49.45509439,0
Female,5.091709836,52.14314222,1
Female,5.418359675,71.09419891,4
Female,4.790116161,39.68782426,0
Female,4.960599905,55.81218886,3
Female,5.18302304,54.434868,1
Female,4.999838987,51.68463876,2
Female,5.167917964,54.9933486,2
Female,5.215878059,54.22321956,1
Female,5.718445391,73.18737764,3
Female,5.071192761,63.87110432,4
Female,5.178821891,58.49896889,2
Female,4.931811094,48.43124371,1
Female,5.112592984,55.32306865,2
Female,5.716986486,81.27565027,4
Female,5.402620954,58.2161969,1
Female,5.251104908,55.24197667,1
Female,4.98647616,58.03619136,3
Female,5.163566457,60.49784611,3
Female,5.103819158,46.68289025,0
Female,5.144919949,57.67913926,2
Female,5.218238764,53.84881209,1
Female,5.456735218,65.60905358,2
Female,5.184320369,52.09549142,1
Female,4.999877586,43.93341623,0
Female,5.460962994,71.93930369,3
Female,5.353889501,65.78367936,3
Female,5.340890763,63.7434874,3
Female,5.20870824,64.70033017,3
Female,5.220293258,64.8127021,3
Female,5.553719738,66.01599809,2
Female,5.676908584,74.09196673,3
Female,5.167339928,62.14096779,3
Female,5.466130424,68.46307042,3
Female,5.298160782,63.84816381,3
Female,5.463613425,64.08895152,2
Female,4.729800454,40.31753916,0
Female,4.837365816,41.8783418,0
Female,5.71588908,77.6439214,3
Female,5.308428479,69.35660694,4
Female,5.264904064,63.07304769,3
Female,5.636010828,74.78277671,3
Female,5.545001469,72.57125264,3
Female,5.185942369,61.99764055,3
Female,5.048219385,44.44192378,0
Female,5.279195327,61.77115176,2
Female,5.587437205,72.9096608,3
Female,5.626557903,77.2608836,4
Female,5.47097579,72.34360765,4
Female,5.218654541,64.83966733,3
Female,5.29170463,62.23235764,2
Female,5.489253345,70.95661769,3
Female,5.403936317,65.72873588,3
Female,5.021457937,49.94109633,1
Female,5.911016372,79.8116685,3
Female,4.972028544,48.68060976,1
Female,5.182992513,62.27106123,3
Female,5.525758588,66.94418993,2
Female,5.473251091,67.26426904,3
Female,4.904866634,44.70129281,1
Female,5.307525138,60.31475284,2
Female,5.263895043,59.30316023,2
Female,5.049810753,48.52069382,1
Female,5.235423548,50.62781336,0
Female,5.226137865,54.33579606,1
Female,5.183753302,55.75467967,2
Female,5.321425006,56.88133084,1
Female,5.081500918,56.74643966,2
Female,5.558339741,61.62332184,1
Female,5.025287084,61.0966347,4
Female,5.213291393,58.71271743,2
Female,5.250672429,63.22784562,3
Female,5.11660069,53.63428387,2
Female,5.334471305,55.25338707,1
Female,5.175008174,49.59994543,0
Female,5.437807553,67.82625505,3
Female,5.670012124,73.42845515,3
Female,5.467131456,61.75383917,2
